{"cameraMode":{"drawMode":0,"name":"Shaded","section":"Shading Mode"},"sceneLighting":true,"audioPlay":false,"sceneViewState":{"showFog":true,"showMaterialUpdate":false,"showSkybox":true,"showFlares":true,"showImageEffects":true,"showParticleSystems":true},"in2DMode":false,"pivot":{"x":-3.6657063961029054,"y":0.6286103129386902,"z":0.5270897746086121},"rotation":{"x":-0.07966196537017822,"y":0.6361027359962463,"z":-0.06627589464187622,"w":-0.7646141648292542},"size":6.3020124435424809,"orthographic":false}