{"cameraMode":{"drawMode":0,"name":"Shaded","section":"Shading Mode"},"sceneLighting":true,"audioPlay":false,"sceneViewState":{"showFog":true,"showMaterialUpdate":false,"showSkybox":true,"showFlares":true,"showImageEffects":true,"showParticleSystems":true},"in2DMode":false,"pivot":{"x":-2.8884365558624269,"y":1.0631681680679322,"z":1.7859067916870118},"rotation":{"x":-0.019520295783877374,"y":0.17102764546871186,"z":-0.003390589728951454,"w":-0.9850670099258423},"size":3.2701051235198976,"orthographic":false}