{"cameraMode":{"drawMode":0,"name":"Shaded","section":"Shading Mode"},"sceneLighting":false,"audioPlay":false,"sceneViewState":{"showFog":true,"showMaterialUpdate":false,"showSkybox":true,"showFlares":true,"showImageEffects":true,"showParticleSystems":true},"in2DMode":false,"pivot":{"x":-2.302495241165161,"y":0.8754393458366394,"z":-2.9684619903564455},"rotation":{"x":0.27120956778526308,"y":-0.6486152410507202,"z":0.26686450839042666,"w":0.6591867208480835},"size":0.8686304688453674,"orthographic":false}