{"cameraMode":{"drawMode":0,"name":"Shaded","section":"Shading Mode"},"sceneLighting":false,"audioPlay":false,"sceneViewState":{"showFog":true,"showMaterialUpdate":false,"showSkybox":true,"showFlares":true,"showImageEffects":true,"showParticleSystems":true},"in2DMode":false,"pivot":{"x":0.0,"y":1.184635877609253,"z":0.26336508989334109},"rotation":{"x":-0.015112999826669693,"y":0.7048285603523254,"z":-0.015026136301457882,"w":-0.7090575695037842},"size":3.7682032585144045,"orthographic":false}