{"cameraMode":{"drawMode":0,"name":"Shaded","section":"Shading Mode"},"sceneLighting":true,"audioPlay":false,"sceneViewState":{"showFog":true,"showMaterialUpdate":false,"showSkybox":true,"showFlares":true,"showImageEffects":true,"showParticleSystems":true},"in2DMode":false,"pivot":{"x":-3.57319974899292,"y":-0.10877871513366699,"z":-0.8146726489067078},"rotation":{"x":0.13886159658432008,"y":-0.7719131708145142,"z":0.18060562014579774,"w":0.593505859375},"size":3.086609363555908,"orthographic":false}