{"cameraMode":{"drawMode":0,"name":"Shaded","section":"Shading Mode"},"sceneLighting":false,"audioPlay":false,"sceneViewState":{"showFog":true,"showMaterialUpdate":false,"showSkybox":true,"showFlares":true,"showImageEffects":true,"showParticleSystems":true},"in2DMode":false,"pivot":{"x":-0.031965598464012149,"y":0.34285855293273928,"z":-0.5376773476600647},"rotation":{"x":-0.0025476599112153055,"y":0.9965923428535461,"z":-0.07520628720521927,"w":-0.033783238381147388},"size":1.4333471059799195,"orthographic":false}