{"cameraMode":{"drawMode":0,"name":"Shaded","section":"Shading Mode"},"sceneLighting":true,"audioPlay":false,"sceneViewState":{"showFog":true,"showMaterialUpdate":false,"showSkybox":true,"showFlares":true,"showImageEffects":true,"showParticleSystems":true},"in2DMode":false,"pivot":{"x":-0.3945765495300293,"y":-1.6991920471191407,"z":-1.4012579917907715},"rotation":{"x":-0.11196163296699524,"y":0.8832018375396729,"z":-0.2691565155982971,"w":-0.3673880100250244},"size":9.808816909790039,"orthographic":false}