{"cameraMode":{"drawMode":0,"name":"Shaded","section":"Shading Mode"},"sceneLighting":false,"audioPlay":false,"sceneViewState":{"showFog":true,"showMaterialUpdate":false,"showSkybox":true,"showFlares":true,"showImageEffects":true,"showParticleSystems":true},"in2DMode":false,"pivot":{"x":0.0,"y":0.2928784191608429,"z":-1.4901161193847657e-8},"rotation":{"x":-0.10190743207931519,"y":0.7119320631027222,"z":-0.10564899444580078,"w":-0.6867358088493347},"size":1.4333471059799195,"orthographic":false}