{"cameraMode":{"drawMode":0,"name":"Shaded","section":"Shading Mode"},"sceneLighting":false,"audioPlay":false,"sceneViewState":{"showFog":true,"showMaterialUpdate":false,"showSkybox":true,"showFlares":true,"showImageEffects":true,"showParticleSystems":true},"in2DMode":false,"pivot":{"x":-0.6797857284545898,"y":0.13044023513793946,"z":0.6154875755310059},"rotation":{"x":-0.12073701620101929,"y":0.8685669898986816,"z":-0.25901246070861819,"w":-0.4048783779144287},"size":4.2255449295043949,"orthographic":false}