{"cameraMode":{"drawMode":0,"name":"Shaded","section":"Shading Mode"},"sceneLighting":false,"audioPlay":false,"sceneViewState":{"showFog":true,"showMaterialUpdate":false,"showSkybox":true,"showFlares":true,"showImageEffects":true,"showParticleSystems":true},"in2DMode":false,"pivot":{"x":-2.391423463821411,"y":0.9676108956336975,"z":-1.6217780113220215},"rotation":{"x":-0.20775237679481507,"y":0.705847442150116,"z":-0.23025718331336976,"w":-0.6368674039840698},"size":0.8686301708221436,"orthographic":false}