{"cameraMode":{"drawMode":0,"name":"Shaded","section":"Shading Mode"},"sceneLighting":false,"audioPlay":false,"sceneViewState":{"showFog":true,"showMaterialUpdate":false,"showSkybox":true,"showFlares":true,"showImageEffects":true,"showParticleSystems":true},"in2DMode":false,"pivot":{"x":-2.400451421737671,"y":0.7461941242218018,"z":-0.7649990320205689},"rotation":{"x":-0.09394696354866028,"y":0.6704160571098328,"z":-0.0861688107252121,"w":-0.7309523224830627},"size":0.8686301708221436,"orthographic":false}